user_id,date_naissance,genre
1,2002-09-02,F
2,1968-04-15,M
3,2002-08-25,M
4,1980-01-05,F
5,1986-02-03,F
6,1967-07-16,F
7,1974-11-05,F
8,1965-11-16,F
9,1963-03-08,F
10,1996-12-28,M
11,1966-12-30,M
12,1972-04-18,M
13,1978-08-14,M
14,1961-02-24,M
15,1985-04-11,F
16,2000-06-26,M
17,1979-10-30,F
18,1996-11-27,F
19,1989-01-21,F
20,1999-04-12,F
21,1965-10-04,M
22,1987-05-28,F
23,1988-03-11,M
24,1986-12-21,M
25,1977-10-06,F
26,1963-02-09,M
27,1960-09-14,F
28,1968-08-22,F
29,1997-03-06,M
30,1982-12-12,M
31,1992-07-04,M
32,1998-06-06,M
33,1985-09-26,M
34,1960-02-02,F
35,1998-05-20,F
36,1968-05-16,M
37,1992-05-21,M
38,1991-01-17,M
39,1960-04-12,F
40,1978-05-26,F
41,1976-08-14,M
42,1976-10-16,M
43,1960-04-26,F
44,1979-05-08,F
45,1992-12-08,F
46,1994-03-29,F
47,1960-05-11,M
48,1984-12-20,M
49,1999-05-30,F
50,1967-04-09,F
51,1985-05-02,F
52,2000-07-31,M
53,2002-09-24,M
54,1981-12-14,M
55,1970-12-06,M
56,1985-04-28,F
57,1983-05-25,F
58,1997-03-20,F
59,2003-07-02,M
60,1961-08-30,F
61,1993-01-21,F
62,1984-03-23,M
63,1989-12-01,F
64,1963-03-07,M
65,1975-07-06,F
66,1962-03-19,M
67,1966-06-20,M
68,1999-12-11,M
69,1989-08-16,F
70,1965-12-03,M
71,1982-09-08,F
72,1973-12-22,M
73,1976-09-13,F
74,1983-10-07,M
75,1967-06-19,F
76,1992-08-21,M
77,2000-08-13,F
78,1962-01-27,F
79,2003-09-07,F
80,1965-04-06,M
81,1991-06-07,M
82,1996-06-25,F
83,1996-06-15,F
84,1987-06-02,M
85,1986-01-21,F
86,1966-06-24,M
87,1977-04-02,M
88,1974-09-17,M
89,1997-11-26,M
90,1960-06-25,F
91,1970-11-09,M
92,1991-09-15,F
93,1970-10-02,F
94,1978-07-31,M
95,1968-04-13,M
96,2005-10-29,M
97,1983-03-09,F
98,1980-04-05,M
99,1960-05-05,F
100,1994-11-26,M
101,2005-04-28,M
102,1976-11-30,F
103,2002-04-15,M
104,1989-10-14,F
105,1968-06-01,M
106,1975-01-02,F
107,1999-10-19,F
108,1971-04-07,F
109,1989-05-29,M
110,1989-10-19,M
111,1975-11-27,M
112,1980-07-19,F
113,1964-09-04,M
114,1984-03-19,M
115,1968-08-26,M
116,1969-06-30,M
117,1967-12-22,M
118,1985-04-15,M
119,1966-01-02,F
120,1981-08-05,F
121,1965-07-11,F
122,1981-09-05,M
123,1965-05-04,F
124,1994-03-31,F
125,1999-08-07,M
126,1991-04-07,M
127,1961-12-12,F
128,1992-07-11,M
129,1978-05-14,M
130,1990-01-20,M
131,1973-12-08,F
132,1980-02-03,F
133,1980-11-28,F
134,1975-05-25,M
135,1973-11-10,M
136,1962-10-08,F
137,1992-09-22,M
138,1999-01-04,F
139,2002-10-22,F
140,1967-04-13,M
141,1967-11-11,F
142,2003-02-11,F
143,1990-05-04,F
144,1978-06-16,M
145,1967-04-18,F
146,1965-04-03,F
147,1985-03-13,F
148,1985-03-07,M
149,1985-03-24,F
150,1964-01-26,F
151,1994-11-01,M
152,1977-02-08,F
153,1976-01-13,F
154,1971-12-21,M
155,1984-02-01,M
156,1974-09-29,M
157,2002-07-30,M
158,2003-03-20,M
159,1977-05-02,F
160,1965-05-08,F
161,1990-11-04,M
162,1969-11-08,M
163,1991-03-30,F
164,1964-11-23,M
165,1983-05-29,F
166,1997-03-25,M
167,1998-08-20,M
168,1988-03-02,M
169,1986-03-07,M
170,1969-07-02,F
171,1999-01-12,F
172,1971-10-01,F
173,1977-04-25,M
174,2005-10-19,M
175,1982-10-07,F
176,1999-10-09,F
177,1963-12-18,M
178,1960-07-11,F
179,1984-01-19,F
180,2004-01-07,M
181,1968-04-03,F
182,1990-06-01,M
183,1966-10-30,M
184,1982-06-22,M
185,1998-05-16,M
186,1989-05-13,F
187,1991-11-12,M
188,2005-03-16,M
189,2004-11-24,M
190,2003-07-19,M
191,1962-04-11,M
192,1963-05-28,F
193,1983-01-14,M
194,1977-07-25,F
195,1987-09-19,F
196,2000-03-09,M
197,1973-12-26,M
198,1994-03-28,F
199,2000-08-10,F
200,1984-05-14,M
201,1976-05-27,M
202,1976-08-05,F
203,1975-05-26,M
204,2003-12-10,F
205,1975-12-15,F
206,1986-09-16,M
207,2004-07-02,F
208,1968-02-21,M
209,1995-12-25,F
210,1989-04-09,F
211,1976-05-08,F
212,1960-10-15,F
213,1997-11-19,F
214,2000-10-01,F
215,2000-10-26,M
216,1991-04-04,M
217,1984-09-28,M
218,1972-11-22,M
219,1967-04-06,M
220,1966-08-31,F
221,1961-05-15,F
222,1981-02-18,F
223,1972-09-26,F
224,1975-10-10,F
225,1983-03-30,M
226,1988-03-04,M
227,1991-10-02,F
228,1981-11-27,M
229,1986-12-14,F
230,1980-12-27,M
231,1977-12-06,M
232,1979-07-20,M
233,1997-11-23,M
234,2000-03-10,F
235,1967-02-01,F
236,1999-10-22,F
237,1962-11-23,F
238,2002-04-30,M
239,1981-10-19,F
240,1964-08-29,F
241,2000-05-13,M
242,1971-10-23,M
243,2003-02-06,F
244,1967-08-21,F
245,1978-03-28,F
246,1991-08-09,M
247,1984-01-17,F
248,1983-07-15,F
249,1961-08-12,F
250,2000-06-11,M
251,1996-02-09,M
252,1994-04-12,M
253,1970-09-10,F
254,2005-02-23,M
255,1998-06-05,M
256,1977-08-11,M
257,1968-04-18,F
258,1969-01-08,M
259,1975-03-29,M
260,1995-08-08,F
261,1964-03-11,M
262,1970-10-21,M
263,1964-10-25,M
264,1986-12-03,F
265,1969-04-07,F
266,2002-12-18,M
267,1988-06-27,F
268,1966-09-06,M
269,1966-09-26,F
270,1996-09-10,M
271,1994-10-28,M
272,1995-12-15,M
273,1963-01-30,M
274,1987-04-09,M
275,1976-03-20,M
276,1974-08-08,F
277,1965-07-23,F
278,1983-10-12,F
279,1970-10-06,F
280,1970-11-12,M
281,1991-12-05,F
282,1995-11-12,F
283,1995-03-16,M
284,1987-11-03,F
285,1967-04-15,F
286,1970-01-10,F
287,1993-05-02,M
288,1983-02-20,F
289,1961-10-24,F
290,1964-07-13,M
291,1980-03-06,M
292,1988-12-31,F
293,1987-07-20,M
294,1997-09-24,M
295,1996-07-14,F
296,2004-01-10,M
297,1994-05-12,M
298,1996-11-12,F
299,1974-10-14,M
300,1989-04-13,F
301,1980-05-04,M
302,1994-08-16,F
303,1980-09-04,M
304,1992-05-23,M
305,2005-07-27,M
306,1998-07-15,M
307,1981-08-24,M
308,2000-11-12,F
309,1993-01-30,F
310,1995-08-23,F
311,2001-09-13,M
312,2004-12-15,M
313,1960-11-29,M
314,2002-11-03,M
315,2003-01-25,F
316,1984-01-04,M
317,1973-04-13,F
318,1990-09-08,F
319,1984-02-17,F
320,1994-12-21,F
321,1961-02-17,F
322,1999-06-05,F
323,2000-11-26,M
324,1988-01-11,F
325,1978-05-22,M
326,1989-05-19,M
327,1967-07-25,M
328,1980-09-19,F
329,1995-09-18,M
330,2003-12-04,F
331,1985-01-11,F
332,1973-09-22,F
333,1977-07-18,M
334,2001-01-10,F
335,1988-09-23,M
336,1993-05-11,M
337,2000-01-22,F
338,1979-06-27,M
339,1986-04-24,M
340,1989-07-06,F
341,1983-09-04,M
342,1980-09-24,M
343,1965-03-29,M
344,1999-02-02,F
345,1993-05-27,F
346,1962-09-19,M
347,1960-02-01,F
348,1996-10-16,M
349,1975-10-07,F
350,1964-01-29,M
351,1973-10-09,M
352,1978-04-28,M
353,2004-02-23,M
354,1960-12-21,M
355,1977-10-08,F
356,1984-12-28,F
357,1993-03-30,F
358,1990-05-29,M
359,1985-08-28,F
360,1997-10-28,M
361,1993-02-13,F
362,1974-10-13,F
363,1978-02-02,F
364,1978-01-01,F
365,1972-02-14,M
366,1970-11-24,F
367,2001-07-26,F
368,1994-03-12,F
369,2002-11-10,M
370,1974-08-19,M
371,1986-04-08,M
372,1963-02-23,F
373,1985-03-25,F
374,2002-11-13,F
375,2004-12-30,F
376,1981-09-16,F
377,1982-08-13,M
378,1983-02-21,M
379,1997-08-26,M
380,1981-10-18,F
381,1994-11-24,M
382,1982-09-20,F
383,1960-10-10,M
384,1968-03-22,M
385,1969-04-16,F
386,1975-10-12,M
387,2001-03-01,M
388,1971-05-07,M
389,2004-01-29,F
390,2004-05-06,M
391,1979-02-03,F
392,1976-05-13,M
393,1990-10-16,F
394,1985-07-12,F
395,1965-12-26,F
396,1979-11-07,M
397,1973-11-13,F
398,1986-12-27,F
399,1982-07-03,M
400,1975-03-27,M
401,1973-12-18,M
402,1987-11-15,F
403,1975-05-08,M
404,1975-06-16,M
405,1969-08-20,M
406,1964-05-03,M
407,1981-03-29,M
408,1986-01-25,M
409,1983-01-16,M
410,1993-05-10,M
411,1976-03-29,F
412,1963-03-17,F
413,1992-04-13,M
414,2005-09-04,M
415,1965-03-17,F
416,1962-02-16,F
417,1962-01-09,F
418,1994-02-02,M
419,1967-06-08,F
420,1974-01-16,M
421,1973-12-01,F
422,1988-08-10,M
423,1967-09-10,M
424,1985-05-06,M
425,1983-02-22,F
426,2005-11-27,M
427,1966-03-06,M
428,1964-01-05,M
429,1971-03-23,M
430,1997-11-05,F
431,1981-01-19,F
432,1965-05-20,F
433,1974-03-19,F
434,1973-10-09,F
435,2004-02-01,F
436,1997-11-27,F
437,1981-12-25,F
438,1984-02-23,M
439,1970-11-16,F
440,1984-04-30,F
441,1965-05-23,M
442,1999-03-07,F
443,1980-07-15,M
444,1975-03-01,F
445,1990-07-10,F
446,1966-06-06,F
447,1975-12-24,M
448,1992-01-12,M
449,1989-08-26,F
450,1985-11-15,F
451,1991-06-05,F
452,1986-10-18,M
453,1960-07-27,M
454,1999-04-17,F
455,1997-08-16,M
456,1996-03-07,F
457,1990-04-15,M
458,1972-02-24,F
459,1968-07-05,F
460,1963-03-12,M
461,2002-09-21,F
462,1979-11-06,F
463,1965-12-05,M
464,2004-11-25,M
465,1963-08-23,F
466,1999-08-29,M
467,1983-09-24,F
468,1999-06-01,M
469,1970-08-29,F
470,1970-02-05,F
471,1992-05-05,M
472,1962-05-14,F
473,2001-03-24,M
474,1968-06-19,F
475,1985-06-27,F
476,1991-03-17,M
477,1982-08-28,F
478,1970-05-07,F
479,1962-08-17,M
480,1965-10-25,M
481,2005-06-19,M
482,1978-11-13,M
483,1977-05-23,F
484,1999-10-27,M
485,1998-12-22,F
486,2005-11-03,F
487,1964-10-13,M
488,1983-05-23,F
489,1980-06-20,F
490,1987-03-11,F
491,1987-09-03,M
492,2004-03-31,F
493,1993-04-17,M
494,1968-11-14,M
495,2004-01-05,F
496,1973-11-12,F
497,1964-08-02,F
498,2002-07-23,M
499,1994-03-12,F
500,2004-01-08,F
501,1996-08-10,M
502,1998-12-10,F
503,1987-01-30,F
504,2005-02-28,M
505,1989-06-03,F
506,2003-05-25,F
507,1960-03-29,M
508,1999-09-28,F
509,2004-07-01,F
510,1961-08-26,M
511,1997-04-22,M
512,2000-11-25,M
513,2003-12-02,F
514,1985-05-15,F
515,2000-08-24,M
516,1980-10-16,F
517,2005-08-17,F
518,2001-06-14,F
519,1976-07-14,M
520,1994-10-07,F
521,1993-01-09,F
522,1996-11-10,F
523,2002-05-12,M
524,1979-11-13,M
525,1975-09-01,F
526,1979-11-19,F
527,1971-12-23,M
528,1978-08-07,M
529,1981-03-31,M
530,2000-11-24,F
531,1967-02-17,M
532,2005-10-02,M
533,2004-05-22,M
534,1998-06-04,M
535,1963-02-04,F
536,1988-07-04,M
537,1966-11-05,F
538,1978-04-24,F
539,1984-04-01,M
540,1987-10-23,M
541,1996-06-16,F
542,1973-12-08,F
543,1994-02-03,M
544,1983-05-13,M
545,1962-02-08,M
546,1962-12-06,F
547,1962-08-10,M
548,1978-10-18,M
549,1993-08-12,F
550,2001-09-29,F
551,1995-10-17,M
552,1968-03-07,M
553,1963-06-03,F
554,1972-06-05,F
555,2003-07-15,F
556,1978-03-04,F
557,1961-06-09,M
558,1968-12-13,F
559,1976-10-09,F
560,1996-06-30,M
561,1996-07-05,M
562,1960-10-15,F
563,2003-10-11,M
564,1985-09-28,F
565,1963-09-20,M
566,1973-06-30,M
567,1983-10-07,F
568,1960-05-28,M
569,1980-10-13,M
570,1963-11-15,F
571,1983-11-14,F
572,2004-01-21,M
573,1968-09-28,F
574,1965-08-27,F
575,1984-08-31,F
576,1988-05-27,M
577,1980-12-19,F
578,1965-11-09,F
579,1990-07-26,M
580,1977-01-15,F
581,1981-10-24,F
582,1998-01-29,M
583,1989-12-29,M
584,1987-09-08,F
585,1987-04-05,F
586,1995-09-23,F
587,1972-06-17,F
588,1990-05-29,F
589,1999-03-15,F
590,2001-12-19,F
591,1980-01-28,F
592,2005-05-30,M
593,1992-09-10,M
594,2001-06-30,M
595,2000-05-26,M
596,1992-05-25,F
597,1969-10-13,M
598,1994-01-29,F
599,2005-09-13,M
600,1971-01-21,F
601,2002-12-17,M
602,1962-12-20,F
603,1970-01-07,M
604,1972-02-23,F
605,2000-04-11,F
606,1966-10-03,M
607,1992-01-20,F
608,1960-03-19,M
609,1975-01-19,F
610,1991-02-28,F
611,1963-08-19,M
612,1963-12-23,F
613,1985-03-19,M
614,1965-09-09,F
615,1975-10-27,M
616,1985-02-21,M
617,2002-11-25,F
618,1963-07-08,M
619,1980-11-26,M
620,1999-09-05,M
621,1963-06-20,F
622,1983-06-26,M
623,1991-05-12,F
624,1980-07-09,F
625,2004-05-25,F
626,1960-03-17,F
627,1999-10-25,F
628,1986-12-31,F
629,1984-09-11,M
630,1960-09-14,M
631,1981-03-16,M
632,1971-08-16,F
633,1996-04-23,M
634,1998-11-04,F
635,1970-04-27,F
636,1960-04-10,F
637,1981-05-10,M
638,1983-05-17,F
639,2003-04-18,F
640,1981-11-15,F
641,1995-09-13,M
642,2004-10-05,F
643,1991-07-27,F
644,1964-08-30,F
645,1980-11-17,F
646,1961-08-21,F
647,1967-06-10,M
648,1997-05-03,M
649,1992-01-24,F
650,2001-07-03,M
651,1975-01-31,M
652,2003-07-15,F
653,2002-07-27,F
654,1994-09-26,M
655,1970-05-05,F
656,1964-02-11,F
657,1972-09-20,F
658,1983-04-14,M
659,1979-05-07,F
660,2001-03-21,M
661,1970-11-03,F
662,2002-06-15,F
663,1968-11-28,F
664,1984-04-05,F
665,1999-03-31,M
666,1971-02-01,F
667,1983-04-03,M
668,1984-12-05,M
669,1975-09-27,F
670,1965-06-04,M
671,2001-05-18,M
672,1965-12-27,F
673,1973-09-14,F
674,2002-03-25,M
675,1986-02-01,M
676,1984-03-24,M
677,1968-07-26,F
678,1966-05-12,M
679,1969-02-19,F
680,1982-09-01,F
681,1960-07-07,F
682,1966-03-17,F
683,1993-03-02,F
684,2003-06-24,M
685,1973-04-26,M
686,1972-09-07,M
687,1993-01-02,F
688,1973-08-01,F
689,1974-03-21,F
690,1983-08-10,M
691,1992-08-20,F
692,1977-08-20,M
693,1974-12-25,F
694,1968-10-22,M
695,1996-10-09,M
696,1963-06-26,M
697,1993-06-29,F
698,1996-03-13,F
699,1987-09-14,M
700,2002-05-18,M
701,1982-05-05,F
702,2003-01-29,F
703,1988-09-04,F
704,1991-07-16,M
705,1981-03-11,M
706,1983-10-10,F
707,1968-12-24,M
708,1995-02-16,M
709,1970-05-15,F
710,1984-07-07,F
711,1975-05-31,M
712,1961-03-05,M
713,1977-02-23,F
714,1984-01-18,F
715,1973-11-10,F
716,2005-06-26,M
717,1974-10-17,M
718,1987-02-04,F
719,1994-11-20,F
720,1976-08-21,F
721,1993-02-12,F
722,1967-03-07,M
723,1982-10-01,M
724,1966-06-21,M
725,1979-02-07,F
726,1970-07-08,M
727,1978-08-21,M
728,1973-06-03,M
729,1986-01-25,F
730,1995-03-03,M
731,2002-08-03,M
732,1970-09-06,F
733,1996-05-25,F
734,1987-06-19,M
735,1997-09-07,M
736,1989-01-24,F
737,1984-05-24,M
738,1969-10-20,F
739,1968-04-27,M
740,1984-08-08,M
741,2005-12-06,F
742,1985-06-22,F
743,1996-11-06,M
744,1989-07-21,M
745,1990-06-20,F
746,1967-09-30,M
747,1991-04-17,M
748,2005-08-15,M
749,1990-08-17,M
750,1962-12-13,F
751,1964-03-23,M
752,1981-10-04,F
753,2000-04-27,M
754,1965-08-19,F
755,1992-11-23,M
756,1971-01-26,M
757,1978-09-30,F
758,1988-02-04,F
759,2001-09-17,M
760,1973-12-19,M
761,1962-10-19,M
762,1983-05-18,M
763,1983-10-30,M
764,1976-06-14,M
765,1998-09-23,M
766,1988-05-23,M
767,2005-05-04,M
768,1967-08-05,M
769,2001-10-30,F
770,1967-05-18,F
771,1984-01-30,F
772,1981-05-17,F
773,2000-03-23,F
774,1980-12-13,M
775,1981-03-13,M
776,1991-02-08,M
777,1989-12-13,F
778,1970-02-18,M
779,1961-08-01,F
780,1979-08-13,M
781,1974-10-02,M
782,2003-01-28,F
783,2005-09-26,M
784,1963-12-06,F
785,2002-07-06,F
786,1973-05-08,F
787,1963-06-30,M
788,1974-06-27,F
789,1976-11-19,F
790,1990-08-06,F
791,1967-04-07,F
792,1977-10-27,M
793,1996-01-12,M
794,1966-12-03,M
795,1966-12-16,F
796,1980-12-03,F
797,1991-02-07,M
798,1984-05-21,M
799,1968-08-08,M
800,1986-04-06,M
801,2001-12-13,M
802,1967-09-22,M
803,1971-03-19,M
804,1962-12-08,M
805,1988-11-19,F
806,1986-11-24,F
807,1994-01-08,M
808,1976-03-02,F
809,1990-12-21,M
810,2004-07-15,F
811,1965-02-13,F
812,1983-04-04,F
813,1983-08-11,F
814,1972-03-04,M
815,1998-04-10,M
816,1968-04-03,M
817,1986-11-02,F
818,1999-10-26,F
819,1987-01-13,M
820,2001-04-15,F
821,1964-10-17,F
822,1964-06-29,F
823,1968-05-23,F
824,1981-05-19,F
825,1979-09-07,F
826,1977-01-07,M
827,1966-10-03,M
828,1994-02-05,M
829,2002-08-23,F
830,1985-10-14,F
831,1988-06-04,M
832,2003-11-29,M
833,1978-01-20,F
834,1966-12-29,M
835,1970-04-22,F
836,1995-03-18,F
837,2005-01-27,F
838,1986-04-23,M
839,1961-01-13,M
840,1977-05-16,M
841,1962-07-03,F
842,2000-03-06,M
843,1985-11-02,M
844,1973-10-05,F
845,1982-08-20,M
846,2000-02-03,M
847,1995-08-21,M
848,1992-02-03,F
849,1969-12-26,M
850,1983-03-18,F
851,1986-12-26,M
852,1995-10-25,F
853,1978-01-15,M
854,1964-11-12,F
855,1992-01-20,M
856,1979-01-21,M
857,1966-12-10,F
858,2002-03-20,F
859,1963-02-12,M
860,1963-09-19,M
861,1960-08-17,F
862,1973-12-30,F
863,2001-05-15,M
864,2003-10-30,F
865,2001-02-11,F
866,1965-02-24,F
867,1967-10-25,F
868,1964-08-27,M
869,1968-09-23,M
870,2002-12-01,M
871,1990-08-20,M
872,1976-01-04,F
873,1966-12-29,F
874,1995-07-27,M
875,1987-10-18,F
876,1983-09-07,M
877,1998-08-06,F
878,1961-07-07,F
879,1981-12-30,F
880,2005-12-04,F
881,1964-11-26,F
882,1989-10-24,M
883,1966-08-17,M
884,1975-08-17,F
885,1989-11-07,F
886,2003-08-31,M
887,1968-06-04,F
888,1966-09-24,M
889,1972-06-03,F
890,1960-12-09,M
891,1985-07-04,M
892,1962-08-23,F
893,2000-05-29,F
894,1965-07-24,F
895,1966-01-24,F
896,1967-09-24,M
897,1967-02-15,F
898,1973-02-24,M
899,1992-07-01,M
900,1984-03-14,M
901,1986-12-01,M
902,1971-03-17,M
903,1987-06-15,M
904,1995-02-20,M
905,1966-04-08,F
906,1985-06-10,F
907,1961-07-21,M
908,1986-01-14,M
909,1975-04-20,M
910,1992-07-29,F
911,1978-08-04,F
912,1992-06-15,F
913,1989-08-06,F
914,1994-02-14,M
915,2001-10-23,F
916,2005-06-15,F
917,1992-02-02,M
918,1970-11-25,M
919,1998-01-14,M
920,1988-05-05,F
921,1982-02-07,M
922,1977-10-08,M
923,2003-09-06,F
924,1961-07-26,M
925,1970-06-10,F
926,1975-08-22,M
927,1988-10-29,M
928,1965-06-08,M
929,1960-04-01,F
930,1972-06-05,F
931,1967-08-11,M
932,2000-06-27,M
933,1989-09-27,F
934,1963-04-16,M
935,1964-05-02,M
936,1995-01-03,M
937,1979-05-07,M
938,1986-03-21,M
939,1985-10-19,M
940,1962-11-30,F
941,1962-04-05,F
942,1991-12-06,M
943,1966-10-30,F
944,1986-12-14,F
945,2000-06-09,M
946,1976-04-02,F
947,1966-04-02,M
948,2001-08-09,M
949,2005-10-16,M
950,2000-12-06,M
951,1990-02-24,M
952,1986-11-19,M
953,1979-09-16,M
954,1981-03-20,M
955,1997-08-21,F
956,2000-06-19,F
957,1961-04-12,F
958,1979-01-11,M
959,1985-07-29,M
960,1969-02-07,F
961,1975-03-23,F
962,1993-11-17,F
963,1973-04-10,M
964,1987-12-20,F
965,1992-09-20,F
966,1961-08-20,M
967,1981-12-19,F
968,1998-05-27,F
969,1976-05-22,F
970,1989-01-19,F
971,1998-04-08,F
972,1961-10-03,M
973,1973-07-16,F
974,1968-11-14,F
975,1963-08-29,M
976,1976-11-03,F
977,1982-06-30,F
978,2002-11-24,F
979,1971-01-27,F
980,1981-05-23,F
981,1968-06-30,F
982,1971-04-15,F
983,1987-12-19,F
984,1994-12-01,F
985,2002-07-07,M
986,1978-12-28,M
987,1978-12-31,M
988,1978-06-23,M
989,1998-11-06,F
990,1978-08-10,F
991,2005-02-09,M
992,1991-07-06,M
993,2003-02-17,F
994,1978-07-31,M
995,1992-04-25,M
996,1982-05-16,M
997,1968-05-15,F
998,1962-12-20,M
999,2002-05-28,F
1000,1974-09-29,F
